month,program,region,volume_usd,transaction_count,active_partners,okr_attainment,mom_growth,partner_adoption_rate
2024-01-01,USDC Settlement Rails,NA,81700096.84,1634,19,0.9284,0.0213,0.7013
2024-02-01,USDC Settlement Rails,NA,85013488.78,1700,18,0.9546,0.0406,0.6662
2024-03-01,USDC Settlement Rails,NA,86363607.94,1727,16,0.9583,0.0159,0.6605
2024-04-01,USDC Settlement Rails,NA,85163290.8,1703,18,0.9337,-0.0139,0.6763
2024-05-01,USDC Settlement Rails,NA,86355976.45,1727,17,0.9356,0.014,0.6966
2024-06-01,USDC Settlement Rails,NA,85139383.16,1702,16,0.9115,-0.0141,0.7032
2024-07-01,USDC Settlement Rails,NA,88431701.92,1768,18,0.9355,0.0387,0.7023
2024-08-01,USDC Settlement Rails,NA,87664731.92,1753,19,0.9164,-0.0087,0.7243
2024-09-01,USDC Settlement Rails,NA,87576713.66,1751,18,0.9046,-0.001,0.718
2024-10-01,USDC Settlement Rails,NA,89599287.51,1791,19,0.9145,0.0231,0.7254
2024-11-01,USDC Settlement Rails,NA,96500262.37,1930,18,0.9733,0.077,0.7181
2024-12-01,USDC Settlement Rails,NA,95274116.53,1905,17,0.9495,-0.0127,0.7292
2025-01-01,USDC Settlement Rails,NA,96087810.38,1921,17,0.9463,0.0085,0.7141
2025-02-01,USDC Settlement Rails,NA,99138790.25,1982,19,0.9647,0.0318,0.7275
2025-03-01,USDC Settlement Rails,NA,96803329.65,1936,20,0.9309,-0.0236,0.7372
2025-04-01,USDC Settlement Rails,NA,98647279.91,1972,18,0.9373,0.019,0.7393
2025-05-01,USDC Settlement Rails,NA,102440916.7,2048,18,0.9618,0.0385,0.7434
2025-06-01,USDC Settlement Rails,NA,103880385.78,2077,19,0.9638,0.0141,0.7486
2025-07-01,USDC Settlement Rails,NA,100531359.98,2010,19,0.9217,-0.0322,0.7428
2025-08-01,USDC Settlement Rails,NA,99787796.72,1995,17,0.904,-0.0074,0.7379
2025-09-01,USDC Settlement Rails,NA,98362165.12,1967,19,0.8805,-0.0143,0.7553
2025-10-01,USDC Settlement Rails,NA,98542452.2,1970,19,0.8717,0.0018,0.7582
2025-11-01,USDC Settlement Rails,NA,101852772.93,2037,18,0.8903,0.0336,0.7725
2025-12-01,USDC Settlement Rails,NA,101645298.79,2032,20,0.8779,-0.002,0.7879
2024-01-01,USDC Settlement Rails,EU,54503129.14,1090,12,0.8848,-0.0267,0.6996
2024-02-01,USDC Settlement Rails,EU,55979826.03,1119,13,0.898,0.0271,0.7022
2024-03-01,USDC Settlement Rails,EU,55925447.77,1118,13,0.8865,-0.001,0.705
2024-04-01,USDC Settlement Rails,EU,56071314.71,1121,12,0.8783,0.0026,0.7132
2024-05-01,USDC Settlement Rails,EU,56126134.8,1122,13,0.8687,0.001,0.7064
2024-06-01,USDC Settlement Rails,EU,57629444.39,1152,12,0.8814,0.0268,0.6979
2024-07-01,USDC Settlement Rails,EU,59162126.47,1183,12,0.8941,0.0266,0.706
2024-08-01,USDC Settlement Rails,EU,59695176.08,1193,13,0.8914,0.009,0.6983
2024-09-01,USDC Settlement Rails,EU,57353485.15,1147,11,0.8463,-0.0392,0.6723
2024-10-01,USDC Settlement Rails,EU,56305269.13,1126,12,0.821,-0.0183,0.6795
2024-11-01,USDC Settlement Rails,EU,56334490.71,1126,13,0.8117,0.0005,0.7029
2024-12-01,USDC Settlement Rails,EU,58271888.64,1165,12,0.8296,0.0344,0.6861
2025-01-01,USDC Settlement Rails,EU,57290434.48,1145,12,0.806,-0.0168,0.68
2025-02-01,USDC Settlement Rails,EU,54973526.35,1099,12,0.7642,-0.0404,0.6878
2025-03-01,USDC Settlement Rails,EU,54641574.61,1092,12,0.7506,-0.006,0.6618
2025-04-01,USDC Settlement Rails,EU,54418888.41,1088,12,0.7387,-0.0041,0.6659
2025-05-01,USDC Settlement Rails,EU,57718306.0,1154,11,0.7742,0.0606,0.6616
2025-06-01,USDC Settlement Rails,EU,58725075.35,1174,12,0.7783,0.0174,0.6656
2025-07-01,USDC Settlement Rails,EU,60918690.49,1218,11,0.7978,0.0374,0.672
2025-08-01,USDC Settlement Rails,EU,59451107.68,1189,13,0.7694,-0.0241,0.6605
2025-09-01,USDC Settlement Rails,EU,59460939.36,1189,11,0.7604,0.0002,0.6357
2025-10-01,USDC Settlement Rails,EU,59773306.64,1195,11,0.7553,0.0053,0.6092
2025-11-01,USDC Settlement Rails,EU,61059525.42,1221,11,0.7624,0.0215,0.6243
2025-12-01,USDC Settlement Rails,EU,67193862.36,1343,11,0.8291,0.1005,0.6318
2024-01-01,USDC Settlement Rails,AP,37890843.0,757,9,0.8612,-0.0527,0.7248
2024-02-01,USDC Settlement Rails,AP,37867720.25,757,9,0.8504,-0.0006,0.7138
2024-03-01,USDC Settlement Rails,AP,39547651.97,790,9,0.8776,0.0444,0.7166
2024-04-01,USDC Settlement Rails,AP,38778748.81,775,9,0.8504,-0.0194,0.6865
2024-05-01,USDC Settlement Rails,AP,39180774.37,783,10,0.849,0.0104,0.7183
2024-06-01,USDC Settlement Rails,AP,40819940.13,816,9,0.874,0.0418,0.7093
2024-07-01,USDC Settlement Rails,AP,40113716.59,802,9,0.8487,-0.0173,0.6963
2024-08-01,USDC Settlement Rails,AP,39594753.43,791,9,0.8278,-0.0129,0.7114
2024-09-01,USDC Settlement Rails,AP,41189731.32,823,9,0.8509,0.0403,0.7183
2024-10-01,USDC Settlement Rails,AP,41633033.74,832,9,0.8499,0.0108,0.7065
2024-11-01,USDC Settlement Rails,AP,41557540.62,831,10,0.8383,-0.0018,0.6844
2024-12-01,USDC Settlement Rails,AP,42273983.03,845,10,0.8426,0.0172,0.7129
2025-01-01,USDC Settlement Rails,AP,42629005.87,852,9,0.8396,0.0084,0.718
2025-02-01,USDC Settlement Rails,AP,43424482.42,868,9,0.8452,0.0187,0.7106
2025-03-01,USDC Settlement Rails,AP,44510834.67,890,9,0.856,0.025,0.7383
2025-04-01,USDC Settlement Rails,AP,43390279.76,867,9,0.8246,-0.0252,0.7136
2025-05-01,USDC Settlement Rails,AP,46181597.78,923,9,0.8672,0.0643,0.7104
2025-06-01,USDC Settlement Rails,AP,48784828.98,975,9,0.9052,0.0564,0.6905
2025-07-01,USDC Settlement Rails,AP,50323083.01,1006,9,0.9227,0.0315,0.6834
2025-08-01,USDC Settlement Rails,AP,50677250.51,1013,9,0.9182,0.007,0.6894
2025-09-01,USDC Settlement Rails,AP,51424747.95,1028,9,0.9207,0.0148,0.701
2025-10-01,USDC Settlement Rails,AP,51965783.06,1039,9,0.9193,0.0105,0.6859
2025-11-01,USDC Settlement Rails,AP,51203928.0,1024,9,0.8951,-0.0147,0.6798
2025-12-01,USDC Settlement Rails,AP,49756429.67,995,8,0.8595,-0.0283,0.6804
2024-01-01,USDC Settlement Rails,LAC,14375638.07,287,3,0.9335,0.0268,0.7113
2024-02-01,USDC Settlement Rails,LAC,14985793.74,299,4,0.9616,0.0424,0.721
2024-03-01,USDC Settlement Rails,LAC,15095328.01,301,3,0.9571,0.0073,0.7084
2024-04-01,USDC Settlement Rails,LAC,15387606.81,307,3,0.9641,0.0194,0.7116
2024-05-01,USDC Settlement Rails,LAC,15614532.0,312,4,0.9667,0.0147,0.7157
2024-06-01,USDC Settlement Rails,LAC,16691638.07,333,4,1.0211,0.069,0.7004
2024-07-01,USDC Settlement Rails,LAC,16150326.59,323,3,0.9763,-0.0324,0.6897
2024-08-01,USDC Settlement Rails,LAC,16935389.38,338,3,1.0116,0.0486,0.6766
2024-09-01,USDC Settlement Rails,LAC,16034567.31,320,3,0.9464,-0.0532,0.6737
2024-10-01,USDC Settlement Rails,LAC,15969246.0,319,3,0.9314,-0.0041,0.6579
2024-11-01,USDC Settlement Rails,LAC,15308683.98,306,3,0.8823,-0.0414,0.6315
2024-12-01,USDC Settlement Rails,LAC,14894030.68,297,3,0.8482,-0.0271,0.6118
2025-01-01,USDC Settlement Rails,LAC,16386380.37,327,3,0.9221,0.1002,0.5907
2025-02-01,USDC Settlement Rails,LAC,16752937.58,335,3,0.9316,0.0224,0.6218
2025-03-01,USDC Settlement Rails,LAC,16829219.81,336,3,0.9247,0.0046,0.6358
2025-04-01,USDC Settlement Rails,LAC,16838979.11,336,3,0.9143,0.0006,0.6334
2025-05-01,USDC Settlement Rails,LAC,16919284.96,338,3,0.9078,0.0048,0.6286
2025-06-01,USDC Settlement Rails,LAC,16837061.73,336,3,0.8926,-0.0049,0.6371
2025-07-01,USDC Settlement Rails,LAC,17118557.77,342,3,0.8968,0.0167,0.6434
2025-08-01,USDC Settlement Rails,LAC,17324024.33,346,3,0.8968,0.012,0.6304
2025-09-01,USDC Settlement Rails,LAC,17480744.02,349,3,0.8942,0.009,0.6681
2025-10-01,USDC Settlement Rails,LAC,17895287.65,357,3,0.9045,0.0237,0.6543
2025-11-01,USDC Settlement Rails,LAC,18251918.33,365,3,0.9116,0.0199,0.6343
2025-12-01,USDC Settlement Rails,LAC,18616538.12,372,3,0.9188,0.02,0.643
2024-01-01,USDC Settlement Rails,MEA,10401570.32,208,2,0.9456,0.0402,0.7282
2024-02-01,USDC Settlement Rails,MEA,10377485.56,207,2,0.9322,-0.0023,0.7329
2024-03-01,USDC Settlement Rails,MEA,10409963.8,208,2,0.9241,0.0031,0.7311
2024-04-01,USDC Settlement Rails,MEA,10583100.21,211,2,0.9283,0.0166,0.7576
2024-05-01,USDC Settlement Rails,MEA,10633996.73,212,2,0.9217,0.0048,0.7607
2024-06-01,USDC Settlement Rails,MEA,10641532.76,212,2,0.9114,0.0007,0.7291
2024-07-01,USDC Settlement Rails,MEA,11327298.17,226,2,0.9586,0.0644,0.7015
2024-08-01,USDC Settlement Rails,MEA,11350246.98,227,2,0.9492,0.002,0.7004
2024-09-01,USDC Settlement Rails,MEA,11371198.52,227,2,0.9397,0.0018,0.7238
2024-10-01,USDC Settlement Rails,MEA,12105698.12,242,2,0.9885,0.0646,0.745
2024-11-01,USDC Settlement Rails,MEA,12891913.0,257,2,1.0402,0.0649,0.7529
2024-12-01,USDC Settlement Rails,MEA,12930538.54,258,2,1.031,0.003,0.7541
2025-01-01,USDC Settlement Rails,MEA,13474187.11,269,2,1.0616,0.042,0.7329
2025-02-01,USDC Settlement Rails,MEA,13557886.52,271,2,1.0555,0.0062,0.754
2025-03-01,USDC Settlement Rails,MEA,14469990.86,289,3,1.1131,0.0673,0.7671
2025-04-01,USDC Settlement Rails,MEA,14614217.62,292,2,1.1109,0.01,0.746
2025-05-01,USDC Settlement Rails,MEA,15460101.62,309,2,1.1613,0.0579,0.7575
2025-06-01,USDC Settlement Rails,MEA,15169815.65,303,2,1.1259,-0.0188,0.7581
2025-07-01,USDC Settlement Rails,MEA,15042756.03,300,2,1.1033,-0.0084,0.7637
2025-08-01,USDC Settlement Rails,MEA,15501289.29,310,2,1.1234,0.0305,0.7225
2025-09-01,USDC Settlement Rails,MEA,15721205.14,314,2,1.1259,0.0142,0.7299
2025-10-01,USDC Settlement Rails,MEA,12697704.32,253,2,0.8985,-0.1923,0.7193
2025-11-01,USDC Settlement Rails,MEA,10441357.74,208,2,0.7301,-0.1777,0.7458
2025-12-01,USDC Settlement Rails,MEA,9355689.27,187,2,0.6464,-0.104,0.7356
2024-01-01,Visa x Coinbase Card,NA,50430293.82,112067,37,0.9381,0.0506,0.8542
2024-02-01,Visa x Coinbase Card,NA,51754405.87,115009,33,0.9457,0.0263,0.8387
2024-03-01,Visa x Coinbase Card,NA,52444911.18,116544,37,0.9413,0.0133,0.8456
2024-04-01,Visa x Coinbase Card,NA,51693496.64,114874,36,0.9115,-0.0143,0.8433
2024-05-01,Visa x Coinbase Card,NA,51450062.43,114333,36,0.8911,-0.0047,0.8285
2024-06-01,Visa x Coinbase Card,NA,53702933.26,119339,37,0.9137,0.0438,0.8287
2024-07-01,Visa x Coinbase Card,NA,56074803.23,124610,32,0.9372,0.0442,0.8439
2024-08-01,Visa x Coinbase Card,NA,61070312.63,135711,32,1.0026,0.0891,0.8402
2024-09-01,Visa x Coinbase Card,NA,65161652.77,144803,31,1.0509,0.067,0.8319
2024-10-01,Visa x Coinbase Card,NA,68940616.67,153201,32,1.0922,0.058,0.8031
2024-11-01,Visa x Coinbase Card,NA,66810142.85,148466,31,1.0397,-0.0309,0.7888
2024-12-01,Visa x Coinbase Card,NA,69082268.73,153516,30,1.056,0.034,0.7938
2025-01-01,Visa x Coinbase Card,NA,65451956.9,145448,31,0.9829,-0.0526,0.7947
2025-02-01,Visa x Coinbase Card,NA,67548359.61,150107,36,0.9964,0.032,0.8074
2025-03-01,Visa x Coinbase Card,NA,67397798.96,149772,31,0.9766,-0.0022,0.8099
2025-04-01,Visa x Coinbase Card,NA,69082751.71,153517,32,0.9833,0.025,0.8194
2025-05-01,Visa x Coinbase Card,NA,69947299.37,155438,32,0.978,0.0125,0.823
2025-06-01,Visa x Coinbase Card,NA,70365244.6,156367,32,0.9665,0.006,0.8323
2025-07-01,Visa x Coinbase Card,NA,71379226.23,158620,35,0.9631,0.0144,0.8473
2025-08-01,Visa x Coinbase Card,NA,69837844.31,155195,36,0.9256,-0.0216,0.8206
2025-09-01,Visa x Coinbase Card,NA,69648290.71,154773,37,0.9068,-0.0027,0.8341
2025-10-01,Visa x Coinbase Card,NA,71322671.08,158494,37,0.9121,0.024,0.8537
2025-11-01,Visa x Coinbase Card,NA,72455883.29,161013,37,0.9103,0.0159,0.878
2025-12-01,Visa x Coinbase Card,NA,71907092.16,159793,37,0.8874,-0.0076,0.8673
2024-01-01,Visa x Coinbase Card,EU,33293446.77,73985,25,0.8847,-0.0091,0.8436
2024-02-01,Visa x Coinbase Card,EU,35642376.37,79205,22,0.9304,0.0706,0.8187
2024-03-01,Visa x Coinbase Card,EU,35151288.16,78113,26,0.9013,-0.0138,0.8272
2024-04-01,Visa x Coinbase Card,EU,33818496.7,75152,23,0.8518,-0.0379,0.8439
2024-05-01,Visa x Coinbase Card,EU,33875808.46,75279,24,0.8382,0.0017,0.8247
2024-06-01,Visa x Coinbase Card,EU,34928254.42,77618,24,0.8489,0.0311,0.8213
2024-07-01,Visa x Coinbase Card,EU,35943028.26,79873,24,0.8582,0.0291,0.845
2024-08-01,Visa x Coinbase Card,EU,34968855.82,77708,26,0.8201,-0.0271,0.8643
2024-09-01,Visa x Coinbase Card,EU,36788622.95,81752,25,0.8476,0.052,0.8712
2024-10-01,Visa x Coinbase Card,EU,37842676.44,84094,25,0.8564,0.0287,0.9063
2024-11-01,Visa x Coinbase Card,EU,38604029.46,85786,26,0.8582,0.0201,0.9092
2024-12-01,Visa x Coinbase Card,EU,38301895.49,85115,27,0.8364,-0.0078,0.9151
2025-01-01,Visa x Coinbase Card,EU,39358520.57,87463,25,0.8443,0.0276,0.9001
2025-02-01,Visa x Coinbase Card,EU,37575228.74,83500,24,0.7918,-0.0453,0.88
2025-03-01,Visa x Coinbase Card,EU,37915131.59,84255,25,0.7848,0.009,0.9149
2025-04-01,Visa x Coinbase Card,EU,37483571.6,83296,28,0.7622,-0.0114,0.9212
2025-05-01,Visa x Coinbase Card,EU,37832750.87,84072,26,0.7557,0.0093,0.9245
2025-06-01,Visa x Coinbase Card,EU,38121756.99,84715,27,0.748,0.0076,0.9436
2025-07-01,Visa x Coinbase Card,EU,38815328.8,86256,29,0.7481,0.0182,0.98
2025-08-01,Visa x Coinbase Card,EU,41212966.06,91584,30,0.7803,0.0618,0.98
2025-09-01,Visa x Coinbase Card,EU,41883329.62,93074,30,0.779,0.0163,0.9769
2025-10-01,Visa x Coinbase Card,EU,43187635.29,95972,28,0.789,0.0311,0.9616
2025-11-01,Visa x Coinbase Card,EU,44772851.25,99495,30,0.8035,0.0367,0.9736
2025-12-01,Visa x Coinbase Card,EU,46079944.02,102399,27,0.8124,0.0292,0.9684
2024-01-01,Visa x Coinbase Card,AP,24205755.0,53790,20,0.9005,0.0086,0.8668
2024-02-01,Visa x Coinbase Card,AP,24393362.94,54207,20,0.8914,0.0078,0.831
2024-03-01,Visa x Coinbase Card,AP,25848484.42,57441,19,0.9279,0.0597,0.8471
2024-04-01,Visa x Coinbase Card,AP,25127661.81,55839,19,0.8861,-0.0279,0.7938
2024-05-01,Visa x Coinbase Card,AP,27437383.28,60971,17,0.9504,0.0919,0.8016
2024-06-01,Visa x Coinbase Card,AP,28320964.41,62935,17,0.9637,0.0322,0.7735
2024-07-01,Visa x Coinbase Card,AP,28916782.05,64259,17,0.9666,0.021,0.7719
2024-08-01,Visa x Coinbase Card,AP,29741646.71,66092,17,0.9766,0.0285,0.784
2024-09-01,Visa x Coinbase Card,AP,31092490.97,69094,18,1.0029,0.0454,0.8133
2024-10-01,Visa x Coinbase Card,AP,30809231.37,68464,18,0.9762,-0.0091,0.8373
2024-11-01,Visa x Coinbase Card,AP,32684672.63,72632,17,1.0173,0.0609,0.8294
2024-12-01,Visa x Coinbase Card,AP,33404244.55,74231,19,1.0213,0.022,0.834
2025-01-01,Visa x Coinbase Card,AP,33636455.15,74747,20,1.0102,0.007,0.8171
2025-02-01,Visa x Coinbase Card,AP,34706574.71,77125,17,1.0239,0.0318,0.7889
2025-03-01,Visa x Coinbase Card,AP,34760228.43,77244,18,1.0074,0.0015,0.8096
2025-04-01,Visa x Coinbase Card,AP,34550912.11,76779,19,0.9836,-0.006,0.7792
2025-05-01,Visa x Coinbase Card,AP,35434161.84,78742,18,0.9909,0.0256,0.776
2025-06-01,Visa x Coinbase Card,AP,35899713.36,79777,17,0.9862,0.0131,0.7796
2025-07-01,Visa x Coinbase Card,AP,37320882.07,82935,19,1.0071,0.0396,0.7916
2025-08-01,Visa x Coinbase Card,AP,38626983.49,85837,19,1.0239,0.035,0.7969
2025-09-01,Visa x Coinbase Card,AP,39219526.98,87154,18,1.0212,0.0153,0.7914
2025-10-01,Visa x Coinbase Card,AP,38689071.03,85975,17,0.9896,-0.0135,0.769
2025-11-01,Visa x Coinbase Card,AP,38778420.83,86174,17,0.9743,0.0023,0.753
2025-12-01,Visa x Coinbase Card,AP,39872335.77,88605,16,0.9841,0.0282,0.7539
2024-01-01,Visa x Coinbase Card,LAC,8782129.75,19515,7,0.9335,0.0455,0.8633
2024-02-01,Visa x Coinbase Card,LAC,8765091.9,19477,7,0.9152,-0.0019,0.8732
2024-03-01,Visa x Coinbase Card,LAC,8535220.29,18967,7,0.8754,-0.0262,0.872
2024-04-01,Visa x Coinbase Card,LAC,8454334.75,18787,8,0.8518,-0.0095,0.8754
2024-05-01,Visa x Coinbase Card,LAC,8951509.86,19892,8,0.8859,0.0588,0.8978
2024-06-01,Visa x Coinbase Card,LAC,9211997.86,20471,8,0.8956,0.0291,0.8545
2024-07-01,Visa x Coinbase Card,LAC,9295163.7,20655,7,0.8877,0.009,0.8352
2024-08-01,Visa x Coinbase Card,LAC,10029457.8,22287,7,0.9409,0.079,0.814
2024-09-01,Visa x Coinbase Card,LAC,10282105.79,22849,8,0.9476,0.0252,0.843
2024-10-01,Visa x Coinbase Card,LAC,10545384.9,23434,8,0.9546,0.0256,0.8758
2024-11-01,Visa x Coinbase Card,LAC,10598677.84,23552,7,0.9425,0.0051,0.846
2024-12-01,Visa x Coinbase Card,LAC,10652339.52,23671,8,0.9305,0.0051,0.8367
2025-01-01,Visa x Coinbase Card,LAC,10922698.96,24272,7,0.9373,0.0254,0.8047
2025-02-01,Visa x Coinbase Card,LAC,10926652.57,24281,7,0.921,0.0004,0.8277
2025-03-01,Visa x Coinbase Card,LAC,10910893.82,24246,8,0.9034,-0.0014,0.8374
2025-04-01,Visa x Coinbase Card,LAC,11256604.99,25014,6,0.9156,0.0317,0.8071
2025-05-01,Visa x Coinbase Card,LAC,11103652.86,24674,7,0.8872,-0.0136,0.8113
2025-06-01,Visa x Coinbase Card,LAC,11454868.93,25455,7,0.899,0.0316,0.7968
2025-07-01,Visa x Coinbase Card,LAC,11910773.48,26468,7,0.9183,0.0398,0.8011
2025-08-01,Visa x Coinbase Card,LAC,12653040.99,28117,6,0.9583,0.0623,0.7932
2025-09-01,Visa x Coinbase Card,LAC,12984710.31,28854,6,0.966,0.0262,0.782
2025-10-01,Visa x Coinbase Card,LAC,13006892.94,28904,7,0.9505,0.0017,0.7746
2025-11-01,Visa x Coinbase Card,LAC,12827664.48,28505,6,0.9209,-0.0138,0.7312
2025-12-01,Visa x Coinbase Card,LAC,14057279.19,31238,6,0.9913,0.0959,0.7239
2024-01-01,Visa x Coinbase Card,MEA,6051106.92,13446,4,0.9005,0.0085,0.8448
2024-02-01,Visa x Coinbase Card,MEA,5954271.83,13231,3,0.8704,-0.016,0.8553
2024-03-01,Visa x Coinbase Card,MEA,5789700.84,12866,4,0.8314,-0.0276,0.8679
2024-04-01,Visa x Coinbase Card,MEA,5924321.04,13165,3,0.8357,0.0233,0.8618
2024-05-01,Visa x Coinbase Card,MEA,6142276.47,13649,3,0.8511,0.0368,0.8306
2024-06-01,Visa x Coinbase Card,MEA,6179592.21,13732,3,0.8411,0.0061,0.8639
2024-07-01,Visa x Coinbase Card,MEA,6605596.54,14679,3,0.8832,0.0689,0.844
2024-08-01,Visa x Coinbase Card,MEA,6788931.46,15086,3,0.8917,0.0278,0.8284
2024-09-01,Visa x Coinbase Card,MEA,7162528.57,15916,4,0.9241,0.055,0.8226
2024-10-01,Visa x Coinbase Card,MEA,7287612.33,16194,3,0.9236,0.0175,0.8063
2024-11-01,Visa x Coinbase Card,MEA,7400630.88,16445,3,0.9213,0.0155,0.7756
2024-12-01,Visa x Coinbase Card,MEA,7642796.7,16983,3,0.9347,0.0327,0.7662
2025-01-01,Visa x Coinbase Card,MEA,7963558.28,17696,3,0.9567,0.042,0.7711
2025-02-01,Visa x Coinbase Card,MEA,7786639.91,17303,3,0.9189,-0.0222,0.7862
2025-03-01,Visa x Coinbase Card,MEA,8493391.74,18874,3,0.9846,0.0908,0.7937
2025-04-01,Visa x Coinbase Card,MEA,8602973.66,19117,3,0.9796,0.0129,0.8084
2025-05-01,Visa x Coinbase Card,MEA,9086698.92,20192,3,1.0164,0.0562,0.799
2025-06-01,Visa x Coinbase Card,MEA,9111271.13,20247,3,1.0011,0.0027,0.7912
2025-07-01,Visa x Coinbase Card,MEA,9495321.09,21100,3,1.0249,0.0422,0.8182
2025-08-01,Visa x Coinbase Card,MEA,9543057.96,21206,3,1.0118,0.005,0.8238
2025-09-01,Visa x Coinbase Card,MEA,9992304.27,22205,3,1.0407,0.0471,0.7833
2025-10-01,Visa x Coinbase Card,MEA,8509296.49,18909,3,0.8706,-0.1484,0.7415
2025-11-01,Visa x Coinbase Card,MEA,7211893.68,16026,3,0.7248,-0.1525,0.7379
2025-12-01,Visa x Coinbase Card,MEA,6259893.77,13910,3,0.618,-0.132,0.7194
2024-01-01,Visa x Crypto.com Card,NA,37504438.59,98695,23,0.9059,0.0418,0.7624
2024-02-01,Visa x Crypto.com Card,NA,38514209.35,101353,24,0.9211,0.0269,0.7584
2024-03-01,Visa x Crypto.com Card,NA,38883425.9,102324,26,0.9207,0.0096,0.7711
2024-04-01,Visa x Crypto.com Card,NA,39258022.41,103310,24,0.9204,0.0096,0.7673
2024-05-01,Visa x Crypto.com Card,NA,37790817.35,99449,26,0.8772,-0.0374,0.7796
2024-06-01,Visa x Crypto.com Card,NA,36998151.46,97363,24,0.8503,-0.021,0.7779
2024-07-01,Visa x Crypto.com Card,NA,34811325.52,91608,25,0.7921,-0.0591,0.751
2024-08-01,Visa x Crypto.com Card,NA,36700665.64,96580,26,0.8268,0.0543,0.756
2024-09-01,Visa x Crypto.com Card,NA,35799778.96,94209,24,0.7986,-0.0245,0.7359
2024-10-01,Visa x Crypto.com Card,NA,36220988.86,95318,22,0.8,0.0118,0.7458
2024-11-01,Visa x Crypto.com Card,NA,36888460.36,97074,23,0.8066,0.0184,0.7486
2024-12-01,Visa x Crypto.com Card,NA,38159354.55,100419,23,0.8262,0.0345,0.7195
2025-01-01,Visa x Crypto.com Card,NA,39699194.61,104471,24,0.851,0.0404,0.7408
2025-02-01,Visa x Crypto.com Card,NA,37859017.34,99628,25,0.8035,-0.0464,0.7426
2025-03-01,Visa x Crypto.com Card,NA,40299678.92,106051,25,0.8468,0.0645,0.7519
2025-04-01,Visa x Crypto.com Card,NA,39612091.53,104242,26,0.8242,-0.0171,0.7521
2025-05-01,Visa x Crypto.com Card,NA,38789880.87,102078,27,0.7991,-0.0208,0.789
2025-06-01,Visa x Crypto.com Card,NA,40513015.63,106613,24,0.8263,0.0444,0.7724
2025-07-01,Visa x Crypto.com Card,NA,41703315.59,109745,24,0.8421,0.0294,0.7804
2025-08-01,Visa x Crypto.com Card,NA,42923210.37,112955,23,0.8582,0.0293,0.7937
2025-09-01,Visa x Crypto.com Card,NA,43795666.67,115251,22,0.867,0.0203,0.7616
2025-10-01,Visa x Crypto.com Card,NA,43495551.77,114461,24,0.8525,-0.0069,0.7386
2025-11-01,Visa x Crypto.com Card,NA,46209176.56,121603,26,0.8967,0.0624,0.763
2025-12-01,Visa x Crypto.com Card,NA,48562329.95,127795,23,0.9331,0.0509,0.7632
2024-01-01,Visa x Crypto.com Card,EU,24617069.0,64781,18,0.8495,-0.0231,0.7871
2024-02-01,Visa x Crypto.com Card,EU,23891595.14,62872,16,0.8163,-0.0295,0.7862
2024-03-01,Visa x Crypto.com Card,EU,25431793.18,66925,17,0.8603,0.0645,0.8023
2024-04-01,Visa x Crypto.com Card,EU,25877822.46,68099,18,0.8667,0.0175,0.8031
2024-05-01,Visa x Crypto.com Card,EU,25287871.67,66547,17,0.8385,-0.0228,0.8004
2024-06-01,Visa x Crypto.com Card,EU,24582730.47,64691,19,0.8071,-0.0279,0.8096
2024-07-01,Visa x Crypto.com Card,EU,23497716.65,61836,18,0.7638,-0.0441,0.8074
2024-08-01,Visa x Crypto.com Card,EU,24486840.8,64439,18,0.7881,0.0421,0.8259
2024-09-01,Visa x Crypto.com Card,EU,24104726.75,63433,18,0.7681,-0.0156,0.8063
2024-10-01,Visa x Crypto.com Card,EU,24622790.0,64796,19,0.7769,0.0215,0.8295
2024-11-01,Visa x Crypto.com Card,EU,24770365.99,65185,18,0.7738,0.006,0.8071
2024-12-01,Visa x Crypto.com Card,EU,25181110.81,66266,19,0.7788,0.0166,0.8035
2025-01-01,Visa x Crypto.com Card,EU,25625869.91,67436,17,0.7847,0.0177,0.7944
2025-02-01,Visa x Crypto.com Card,EU,26123960.48,68747,18,0.7921,0.0194,0.7872
2025-03-01,Visa x Crypto.com Card,EU,26601456.37,70003,16,0.7986,0.0183,0.7667
2025-04-01,Visa x Crypto.com Card,EU,28026353.83,73753,17,0.833,0.0536,0.7458
2025-05-01,Visa x Crypto.com Card,EU,26725541.22,70330,16,0.7865,-0.0464,0.7463
2025-06-01,Visa x Crypto.com Card,EU,26897557.26,70783,18,0.7837,0.0064,0.7681
2025-07-01,Visa x Crypto.com Card,EU,27489217.35,72340,17,0.793,0.022,0.7962
2025-08-01,Visa x Crypto.com Card,EU,27447759.83,72230,18,0.784,-0.0015,0.7827
2025-09-01,Visa x Crypto.com Card,EU,27450896.05,72239,19,0.7763,0.0001,0.8084
2025-10-01,Visa x Crypto.com Card,EU,27445983.48,72226,19,0.7685,-0.0002,0.8427
2025-11-01,Visa x Crypto.com Card,EU,29178836.09,76786,19,0.8089,0.0631,0.841
2025-12-01,Visa x Crypto.com Card,EU,29793747.28,78404,21,0.8178,0.0211,0.8982
2024-01-01,Visa x Crypto.com Card,AP,17794257.93,46826,23,0.8596,-0.0114,0.7974
2024-02-01,Visa x Crypto.com Card,AP,17708143.85,46600,22,0.847,-0.0048,0.8138
2024-03-01,Visa x Crypto.com Card,AP,18034697.08,47459,21,0.8541,0.0184,0.814
2024-04-01,Visa x Crypto.com Card,AP,18447267.23,48545,23,0.865,0.0229,0.7792
2024-05-01,Visa x Crypto.com Card,AP,18082837.99,47586,21,0.8395,-0.0198,0.7532
2024-06-01,Visa x Crypto.com Card,AP,18309680.4,48183,19,0.8416,0.0125,0.7407
2024-07-01,Visa x Crypto.com Card,AP,17748160.81,46705,20,0.8077,-0.0307,0.7334
2024-08-01,Visa x Crypto.com Card,AP,17900589.22,47106,20,0.8066,0.0086,0.7384
2024-09-01,Visa x Crypto.com Card,AP,18472437.23,48611,20,0.8241,0.0319,0.7396
2024-10-01,Visa x Crypto.com Card,AP,17560908.9,46212,19,0.7757,-0.0493,0.7393
2024-11-01,Visa x Crypto.com Card,AP,17681488.6,46530,21,0.7733,0.0069,0.7388
2024-12-01,Visa x Crypto.com Card,AP,18366005.92,48331,21,0.7953,0.0387,0.7188
2025-01-01,Visa x Crypto.com Card,AP,17941242.21,47213,19,0.7692,-0.0231,0.724
2025-02-01,Visa x Crypto.com Card,AP,17886170.04,47068,19,0.7592,-0.0031,0.679
2025-03-01,Visa x Crypto.com Card,AP,17613566.7,46351,17,0.7402,-0.0152,0.669
2025-04-01,Visa x Crypto.com Card,AP,17810292.76,46869,19,0.7411,0.0112,0.6634
2025-05-01,Visa x Crypto.com Card,AP,17623581.69,46377,17,0.7261,-0.0105,0.6478
2025-06-01,Visa x Crypto.com Card,AP,16979793.05,44683,18,0.6926,-0.0365,0.6549
2025-07-01,Visa x Crypto.com Card,AP,17073733.63,44930,20,0.6896,0.0055,0.6834
2025-08-01,Visa x Crypto.com Card,AP,18310333.52,48185,17,0.7322,0.0724,0.6794
2025-09-01,Visa x Crypto.com Card,AP,18532228.46,48769,17,0.7337,0.0121,0.66
2025-10-01,Visa x Crypto.com Card,AP,18940495.47,49843,17,0.7425,0.022,0.67
2025-11-01,Visa x Crypto.com Card,AP,19696569.29,51833,20,0.7645,0.0399,0.6908
2025-12-01,Visa x Crypto.com Card,AP,19318859.48,50839,18,0.7424,-0.0192,0.7004
2024-01-01,Visa x Crypto.com Card,LAC,6003974.39,15799,6,0.8287,-0.047,0.7743
2024-02-01,Visa x Crypto.com Card,LAC,6085703.75,16015,5,0.8317,0.0136,0.764
2024-03-01,Visa x Crypto.com Card,LAC,6493627.86,17088,5,0.8786,0.067,0.7609
2024-04-01,Visa x Crypto.com Card,LAC,6512863.54,17139,5,0.8725,0.003,0.7623
2024-05-01,Visa x Crypto.com Card,LAC,6666464.34,17543,6,0.8842,0.0236,0.7833
2024-06-01,Visa x Crypto.com Card,LAC,6795670.34,17883,5,0.8925,0.0194,0.7939
2024-07-01,Visa x Crypto.com Card,LAC,6845532.45,18014,5,0.8901,0.0073,0.8108
2024-08-01,Visa x Crypto.com Card,LAC,6957879.79,18310,6,0.8958,0.0164,0.8268
2024-09-01,Visa x Crypto.com Card,LAC,7280511.66,19159,6,0.928,0.0464,0.832
2024-10-01,Visa x Crypto.com Card,LAC,7427403.19,19545,6,0.9374,0.0202,0.7792
2024-11-01,Visa x Crypto.com Card,LAC,6680600.76,17580,5,0.8348,-0.1005,0.7482
2024-12-01,Visa x Crypto.com Card,LAC,6844069.31,18010,4,0.8467,0.0245,0.7273
2025-01-01,Visa x Crypto.com Card,LAC,7196726.35,18938,5,0.8815,0.0515,0.7186
2025-02-01,Visa x Crypto.com Card,LAC,7268274.97,19127,5,0.8815,0.0099,0.7259
2025-03-01,Visa x Crypto.com Card,LAC,7369813.66,19394,5,0.885,0.014,0.7079
2025-04-01,Visa x Crypto.com Card,LAC,7435559.72,19567,4,0.884,0.0089,0.6833
2025-05-01,Visa x Crypto.com Card,LAC,7342701.33,19322,4,0.8643,-0.0125,0.6999
2025-06-01,Visa x Crypto.com Card,LAC,7353210.85,19350,5,0.857,0.0014,0.698
2025-07-01,Visa x Crypto.com Card,LAC,7564170.58,19905,5,0.8728,0.0287,0.68
2025-08-01,Visa x Crypto.com Card,LAC,7892998.54,20771,5,0.9018,0.0435,0.6726
2025-09-01,Visa x Crypto.com Card,LAC,8078069.82,21258,4,0.9138,0.0234,0.681
2025-10-01,Visa x Crypto.com Card,LAC,8215019.73,21618,5,0.9201,0.017,0.6942
2025-11-01,Visa x Crypto.com Card,LAC,8454479.66,22248,5,0.9375,0.0291,0.6689
2025-12-01,Visa x Crypto.com Card,LAC,8461502.13,22267,4,0.929,0.0008,0.6602
2024-01-01,Visa x Crypto.com Card,MEA,4746699.08,12491,4,0.9172,0.0548,0.8123
2024-02-01,Visa x Crypto.com Card,MEA,4778383.55,12574,4,0.9142,0.0067,0.8186
2024-03-01,Visa x Crypto.com Card,MEA,4843712.14,12746,4,0.9175,0.0137,0.821
2024-04-01,Visa x Crypto.com Card,MEA,4883448.68,12851,4,0.9159,0.0082,0.8079
2024-05-01,Visa x Crypto.com Card,MEA,5026081.93,13226,4,0.9333,0.0292,0.8079
2024-06-01,Visa x Crypto.com Card,MEA,5178389.3,13627,4,0.9521,0.0303,0.8012
2024-07-01,Visa x Crypto.com Card,MEA,5289615.57,13920,4,0.9629,0.0215,0.779
2024-08-01,Visa x Crypto.com Card,MEA,5262254.69,13848,3,0.9484,-0.0052,0.7492
2024-09-01,Visa x Crypto.com Card,MEA,5152075.34,13558,4,0.9194,-0.0209,0.7501
2024-10-01,Visa x Crypto.com Card,MEA,5151013.97,13555,4,0.9101,-0.0002,0.7613
2024-11-01,Visa x Crypto.com Card,MEA,5251851.51,13820,4,0.9187,0.0196,0.7686
2024-12-01,Visa x Crypto.com Card,MEA,4968929.09,13076,4,0.8606,-0.0539,0.7621
2025-01-01,Visa x Crypto.com Card,MEA,5024047.51,13221,4,0.8616,0.0111,0.762
2025-02-01,Visa x Crypto.com Card,MEA,5255079.95,13829,4,0.8923,0.046,0.7656
2025-03-01,Visa x Crypto.com Card,MEA,5384882.43,14170,4,0.9052,0.0247,0.7561
2025-04-01,Visa x Crypto.com Card,MEA,5599631.17,14735,4,0.932,0.0399,0.7461
2025-05-01,Visa x Crypto.com Card,MEA,5770561.38,15185,4,0.951,0.0305,0.7289
2025-06-01,Visa x Crypto.com Card,MEA,5950409.93,15658,3,0.9709,0.0312,0.7307
2025-07-01,Visa x Crypto.com Card,MEA,5855001.4,15407,4,0.9459,-0.016,0.7211
2025-08-01,Visa x Crypto.com Card,MEA,5744017.25,15115,4,0.9188,-0.019,0.7289
2025-09-01,Visa x Crypto.com Card,MEA,5765940.57,15173,4,0.9131,0.0038,0.7309
2025-10-01,Visa x Crypto.com Card,MEA,4767667.92,12546,4,0.7476,-0.1731,0.7574
2025-11-01,Visa x Crypto.com Card,MEA,4200594.39,11054,4,0.6521,-0.1189,0.7595
2025-12-01,Visa x Crypto.com Card,MEA,3629075.55,9550,4,0.5578,-0.1361,0.7857
2024-01-01,Crypto B2B Partnerships,NA,21134286.24,1761,7,0.8806,0.0567,0.5684
2024-02-01,Crypto B2B Partnerships,NA,20904633.23,1742,8,0.8523,-0.0109,0.5766
2024-03-01,Crypto B2B Partnerships,NA,21314954.79,1776,7,0.8503,0.0196,0.573
2024-04-01,Crypto B2B Partnerships,NA,21634037.26,1802,7,0.8444,0.015,0.5444
2024-05-01,Crypto B2B Partnerships,NA,22260413.17,1855,8,0.8502,0.029,0.5681
2024-06-01,Crypto B2B Partnerships,NA,22349795.44,1862,7,0.8352,0.004,0.594
2024-07-01,Crypto B2B Partnerships,NA,22737849.28,1894,8,0.8314,0.0174,0.6017
2024-08-01,Crypto B2B Partnerships,NA,23315043.52,1942,7,0.8342,0.0254,0.5944
2024-09-01,Crypto B2B Partnerships,NA,22724530.62,1893,8,0.7956,-0.0253,0.6062
2024-10-01,Crypto B2B Partnerships,NA,22809154.82,1900,8,0.7813,0.0037,0.6063
2024-11-01,Crypto B2B Partnerships,NA,23437089.91,1953,8,0.7856,0.0275,0.5945
2024-12-01,Crypto B2B Partnerships,NA,23904504.59,1992,8,0.784,0.0199,0.6229
2025-01-01,Crypto B2B Partnerships,NA,25144013.47,2095,8,0.8069,0.0519,0.6453
2025-02-01,Crypto B2B Partnerships,NA,26170600.31,2180,9,0.8218,0.0408,0.656
2025-03-01,Crypto B2B Partnerships,NA,25865860.08,2155,9,0.7947,-0.0116,0.6687
2025-04-01,Crypto B2B Partnerships,NA,25804754.07,2150,9,0.7758,-0.0024,0.6921
2025-05-01,Crypto B2B Partnerships,NA,27549249.16,2295,9,0.8104,0.0676,0.6872
2025-06-01,Crypto B2B Partnerships,NA,27952244.96,2329,10,0.8045,0.0146,0.6891
2025-07-01,Crypto B2B Partnerships,NA,29538776.47,2461,9,0.8319,0.0568,0.6826
2025-08-01,Crypto B2B Partnerships,NA,29293270.58,2441,8,0.8072,-0.0083,0.6907
2025-09-01,Crypto B2B Partnerships,NA,29264291.43,2438,8,0.7891,-0.001,0.6864
2025-10-01,Crypto B2B Partnerships,NA,29665710.99,2472,9,0.7827,0.0137,0.7183
2025-11-01,Crypto B2B Partnerships,NA,30096520.76,2508,9,0.7769,0.0145,0.6806
2025-12-01,Crypto B2B Partnerships,NA,30515890.76,2542,8,0.7708,0.0139,0.6682
2024-01-01,Crypto B2B Partnerships,EU,14237202.11,1186,6,0.8475,0.0169,0.6032
2024-02-01,Crypto B2B Partnerships,EU,14566670.98,1213,6,0.8484,0.0231,0.6016
2024-03-01,Crypto B2B Partnerships,EU,15654775.88,1304,5,0.8921,0.0747,0.5598
2024-04-01,Crypto B2B Partnerships,EU,15738472.29,1311,5,0.8776,0.0053,0.5601
2024-05-01,Crypto B2B Partnerships,EU,16313002.92,1359,5,0.8901,0.0365,0.5532
2024-06-01,Crypto B2B Partnerships,EU,17187148.08,1432,6,0.9176,0.0536,0.5565
2024-07-01,Crypto B2B Partnerships,EU,17708937.93,1475,6,0.9251,0.0304,0.5464
2024-08-01,Crypto B2B Partnerships,EU,18158592.63,1513,6,0.9281,0.0254,0.5464
2024-09-01,Crypto B2B Partnerships,EU,17193577.12,1432,5,0.8599,-0.0531,0.5209
2024-10-01,Crypto B2B Partnerships,EU,17380341.12,1448,5,0.8505,0.0109,0.5163
2024-11-01,Crypto B2B Partnerships,EU,17237736.37,1436,5,0.8254,-0.0082,0.5008
2024-12-01,Crypto B2B Partnerships,EU,18569203.4,1547,5,0.87,0.0772,0.4934
2025-01-01,Crypto B2B Partnerships,EU,18323447.52,1526,4,0.84,-0.0132,0.4591
2025-02-01,Crypto B2B Partnerships,EU,18165973.22,1513,5,0.8149,-0.0086,0.4575
2025-03-01,Crypto B2B Partnerships,EU,18141228.67,1511,4,0.7962,-0.0014,0.4602
2025-04-01,Crypto B2B Partnerships,EU,18772537.81,1564,4,0.8062,0.0348,0.4364
2025-05-01,Crypto B2B Partnerships,EU,18724958.99,1560,4,0.7869,-0.0025,0.4478
2025-06-01,Crypto B2B Partnerships,EU,18346714.06,1528,5,0.7544,-0.0202,0.4421
2025-07-01,Crypto B2B Partnerships,EU,19095141.08,1591,4,0.7682,0.0408,0.4396
2025-08-01,Crypto B2B Partnerships,EU,20105088.44,1675,4,0.7915,0.0529,0.435
2025-09-01,Crypto B2B Partnerships,EU,21739433.26,1811,4,0.8374,0.0813,0.4703
2025-10-01,Crypto B2B Partnerships,EU,21600137.73,1800,5,0.8141,-0.0064,0.497
2025-11-01,Crypto B2B Partnerships,EU,21199474.37,1766,5,0.7818,-0.0185,0.4882
2025-12-01,Crypto B2B Partnerships,EU,21599307.42,1799,5,0.7794,0.0189,0.4765
2024-01-01,Crypto B2B Partnerships,AP,10001597.46,833,5,0.8335,0.0002,0.5642
2024-02-01,Crypto B2B Partnerships,AP,10312864.07,859,5,0.8409,0.0311,0.5801
2024-03-01,Crypto B2B Partnerships,AP,10480948.99,873,4,0.8362,0.0163,0.5673
2024-04-01,Crypto B2B Partnerships,AP,10268712.24,855,5,0.8016,-0.0202,0.5347
2024-05-01,Crypto B2B Partnerships,AP,10118278.62,843,5,0.7729,-0.0146,0.5585
2024-06-01,Crypto B2B Partnerships,AP,10741247.73,895,5,0.8028,0.0616,0.5659
2024-07-01,Crypto B2B Partnerships,AP,10680865.78,890,5,0.7811,-0.0056,0.5754
2024-08-01,Crypto B2B Partnerships,AP,10727007.06,893,5,0.7676,0.0043,0.5854
2024-09-01,Crypto B2B Partnerships,AP,10782258.83,898,5,0.755,0.0052,0.5652
2024-10-01,Crypto B2B Partnerships,AP,11048065.88,920,5,0.7569,0.0247,0.5711
2024-11-01,Crypto B2B Partnerships,AP,11300128.68,941,5,0.7575,0.0228,0.5814
2024-12-01,Crypto B2B Partnerships,AP,12086398.92,1007,5,0.7928,0.0696,0.6044
2025-01-01,Crypto B2B Partnerships,AP,12976184.54,1081,5,0.8328,0.0736,0.5948
2025-02-01,Crypto B2B Partnerships,AP,13288709.06,1107,5,0.8345,0.0241,0.5874
2025-03-01,Crypto B2B Partnerships,AP,13511159.82,1125,5,0.8302,0.0167,0.5593
2025-04-01,Crypto B2B Partnerships,AP,14436739.97,1203,5,0.868,0.0685,0.545
2025-05-01,Crypto B2B Partnerships,AP,14433267.88,1202,4,0.8491,-0.0002,0.5337
2025-06-01,Crypto B2B Partnerships,AP,14733745.67,1227,4,0.8481,0.0208,0.565
2025-07-01,Crypto B2B Partnerships,AP,15509324.91,1292,4,0.8736,0.0526,0.5667
2025-08-01,Crypto B2B Partnerships,AP,15637899.48,1303,5,0.8618,0.0083,0.5658
2025-09-01,Crypto B2B Partnerships,AP,15581079.0,1298,5,0.8402,-0.0036,0.5778
2025-10-01,Crypto B2B Partnerships,AP,16207413.24,1350,6,0.8552,0.0402,0.6054
2025-11-01,Crypto B2B Partnerships,AP,16377659.09,1364,5,0.8456,0.0105,0.6121
2025-12-01,Crypto B2B Partnerships,AP,16749695.2,1395,5,0.8462,0.0227,0.6014
2024-01-01,Crypto B2B Partnerships,LAC,3616028.45,301,2,0.861,0.0332,0.5761
2024-02-01,Crypto B2B Partnerships,LAC,3454930.52,287,1,0.8049,-0.0446,0.5398
2024-03-01,Crypto B2B Partnerships,LAC,3537344.3,294,1,0.8064,0.0239,0.5443
2024-04-01,Crypto B2B Partnerships,LAC,3612646.06,301,2,0.8058,0.0213,0.5804
2024-05-01,Crypto B2B Partnerships,LAC,3710921.61,309,2,0.8099,0.0272,0.5725
2024-06-01,Crypto B2B Partnerships,LAC,3550308.44,295,2,0.7582,-0.0433,0.5771
2024-07-01,Crypto B2B Partnerships,LAC,3456905.19,288,1,0.7223,-0.0263,0.5652
2024-08-01,Crypto B2B Partnerships,LAC,3430640.77,285,2,0.7014,-0.0076,0.5662
2024-09-01,Crypto B2B Partnerships,LAC,3238300.13,269,2,0.6478,-0.0561,0.5772
2024-10-01,Crypto B2B Partnerships,LAC,3284611.69,273,2,0.6429,0.0143,0.5326
2024-11-01,Crypto B2B Partnerships,LAC,3481034.01,290,1,0.6667,0.0598,0.4826
2024-12-01,Crypto B2B Partnerships,LAC,3431677.04,285,1,0.6431,-0.0142,0.4971
2025-01-01,Crypto B2B Partnerships,LAC,3549676.05,295,1,0.6509,0.0344,0.5072
2025-02-01,Crypto B2B Partnerships,LAC,3605682.13,300,1,0.647,0.0158,0.514
2025-03-01,Crypto B2B Partnerships,LAC,3816607.61,318,1,0.6701,0.0585,0.5003
2025-04-01,Crypto B2B Partnerships,LAC,3897969.6,324,1,0.6696,0.0213,0.4722
2025-05-01,Crypto B2B Partnerships,LAC,4099348.52,341,1,0.6891,0.0517,0.4775
2025-06-01,Crypto B2B Partnerships,LAC,4173973.09,347,1,0.6865,0.0182,0.4908
2025-07-01,Crypto B2B Partnerships,LAC,4128258.37,344,1,0.6644,-0.011,0.5066
2025-08-01,Crypto B2B Partnerships,LAC,4271224.29,355,1,0.6726,0.0346,0.5401
2025-09-01,Crypto B2B Partnerships,LAC,4451345.43,370,2,0.6858,0.0422,0.5889
2025-10-01,Crypto B2B Partnerships,LAC,4440381.39,370,1,0.6694,-0.0025,0.5616
2025-11-01,Crypto B2B Partnerships,LAC,4466361.64,372,2,0.6588,0.0059,0.508
2025-12-01,Crypto B2B Partnerships,LAC,4609379.1,384,1,0.6653,0.032,0.4598
2024-01-01,Crypto B2B Partnerships,MEA,2546634.02,212,1,0.8489,0.0187,0.5754
2024-02-01,Crypto B2B Partnerships,MEA,2501790.06,208,1,0.816,-0.0176,0.5818
2024-03-01,Crypto B2B Partnerships,MEA,2592587.55,216,1,0.8274,0.0363,0.575
2024-04-01,Crypto B2B Partnerships,MEA,2617007.07,218,1,0.8172,0.0094,0.5705
2024-05-01,Crypto B2B Partnerships,MEA,2748103.71,229,1,0.8397,0.0501,0.5393
2024-06-01,Crypto B2B Partnerships,MEA,2776570.79,231,1,0.8301,0.0104,0.546
2024-07-01,Crypto B2B Partnerships,MEA,2950761.26,245,1,0.8632,0.0627,0.5685
2024-08-01,Crypto B2B Partnerships,MEA,2878637.63,239,1,0.824,-0.0244,0.5834
2024-09-01,Crypto B2B Partnerships,MEA,2800287.98,233,1,0.7843,-0.0272,0.5829
2024-10-01,Crypto B2B Partnerships,MEA,2909637.17,242,1,0.7974,0.039,0.5861
2024-11-01,Crypto B2B Partnerships,MEA,3105109.29,258,1,0.8326,0.0672,0.6082
2024-12-01,Crypto B2B Partnerships,MEA,3143200.7,261,1,0.8247,0.0123,0.6052
2025-01-01,Crypto B2B Partnerships,MEA,3221427.59,268,1,0.827,0.0249,0.6277
2025-02-01,Crypto B2B Partnerships,MEA,3325524.97,277,1,0.8354,0.0323,0.6112
2025-03-01,Crypto B2B Partnerships,MEA,3549322.45,295,1,0.8724,0.0673,0.6015
2025-04-01,Crypto B2B Partnerships,MEA,3423777.43,285,1,0.8234,-0.0354,0.635
2025-05-01,Crypto B2B Partnerships,MEA,3479942.97,289,1,0.8189,0.0164,0.6454
2025-06-01,Crypto B2B Partnerships,MEA,3682671.89,306,1,0.848,0.0583,0.6395
2025-07-01,Crypto B2B Partnerships,MEA,3708177.49,309,1,0.8355,0.0069,0.6291
2025-08-01,Crypto B2B Partnerships,MEA,3818852.14,318,1,0.8419,0.0298,0.6408
2025-09-01,Crypto B2B Partnerships,MEA,3962955.4,330,1,0.8548,0.0377,0.6333
2025-10-01,Crypto B2B Partnerships,MEA,3292610.61,274,1,0.6949,-0.1692,0.656
2025-11-01,Crypto B2B Partnerships,MEA,2807914.66,233,1,0.5799,-0.1472,0.6961
2025-12-01,Crypto B2B Partnerships,MEA,2551538.35,212,2,0.5156,-0.0913,0.6966
